<?xml version="1.0" encoding="UTF-8"?>
<project-private xmlns="http://www.netbeans.org/ns/project-private/1">
    <editor-bookmarks xmlns="http://www.netbeans.org/ns/editor-bookmarks/2" lastBookmarkId="0"/>
    <open-files xmlns="http://www.netbeans.org/ns/projectui-open-files/2">
        <group>
            <file>file:/D:/Ynov/GSB_JAVA_FINAL/src/vue/VueMedicament.java</file>
            <file>file:/D:/Ynov/GSB_JAVA_FINAL/src/vue/VueVisiteur.java</file>
            <file>file:/D:/Ynov/GSB_JAVA_FINAL/src/vue/VuePraticiens.java</file>
            <file>file:/D:/Ynov/GSB_JAVA_FINAL/src/vue/VueMenu.java</file>
            <file>file:/D:/Ynov/GSB_JAVA_FINAL/src/vue/VueRapportsVisite.java</file>
        </group>
    </open-files>
</project-private>
